<annotation>
	<folder>Albopictus</folder>
	<filename>Aedes32_t.JPG</filename>
	<path>C:\Users\umc_1\Almacenamiento\ProyectoDetectarMosquitos\nuevas imagenes etiquetadas\Aedes_images\etiquetadas\Albopictus\Aedes32_t.JPG</path>
	<source>
		<database>Unknown</database>
	</source>
	<size>
		<width>258</width>
		<height>258</height>
		<depth>3</depth>
	</size>
	<segmented>0</segmented>
	<object>
		<name>Aedes albopictus</name>
		<pose>Unspecified</pose>
		<truncated>0</truncated>
		<difficult>0</difficult>
		<bndbox>
			<xmin>2</xmin>
			<ymin>16</ymin>
			<xmax>246</xmax>
			<ymax>214</ymax>
		</bndbox>
	</object>
</annotation>
