<annotation>
	<folder>Albopictus</folder>
	<filename>albopictus_45_t.JPG</filename>
	<path>C:\Users\umc_1\Almacenamiento\ProyectoDetectarMosquitos\nuevas imagenes etiquetadas\Aedes_images\etiquetadas\Albopictus\albopictus_45_t.JPG</path>
	<source>
		<database>Unknown</database>
	</source>
	<size>
		<width>568</width>
		<height>499</height>
		<depth>3</depth>
	</size>
	<segmented>0</segmented>
	<object>
		<name>Aedes albopictus</name>
		<pose>Unspecified</pose>
		<truncated>0</truncated>
		<difficult>0</difficult>
		<bndbox>
			<xmin>97</xmin>
			<ymin>27</ymin>
			<xmax>458</xmax>
			<ymax>479</ymax>
		</bndbox>
	</object>
</annotation>
