<annotation>
	<folder>Albopictus</folder>
	<filename>albopictus_11_side.jpg</filename>
	<path>C:\Users\umc_1\Almacenamiento\ProyectoDetectarMosquitos\nuevas imagenes etiquetadas\Aedes_images\etiquetadas\Albopictus\albopictus_11_side.jpg</path>
	<source>
		<database>Unknown</database>
	</source>
	<size>
		<width>898</width>
		<height>390</height>
		<depth>3</depth>
	</size>
	<segmented>0</segmented>
	<object>
		<name>Aedes albopictus</name>
		<pose>Unspecified</pose>
		<truncated>0</truncated>
		<difficult>0</difficult>
		<bndbox>
			<xmin>12</xmin>
			<ymin>51</ymin>
			<xmax>431</xmax>
			<ymax>380</ymax>
		</bndbox>
	</object>
	<object>
		<name>Aedes albopictus</name>
		<pose>Unspecified</pose>
		<truncated>0</truncated>
		<difficult>0</difficult>
		<bndbox>
			<xmin>444</xmin>
			<ymin>40</ymin>
			<xmax>878</xmax>
			<ymax>360</ymax>
		</bndbox>
	</object>
</annotation>
