<annotation>
	<folder>Albopictus</folder>
	<filename>albopictus_43_t.JPG</filename>
	<path>C:\Users\umc_1\Almacenamiento\ProyectoDetectarMosquitos\nuevas imagenes etiquetadas\Aedes_images\etiquetadas\Albopictus\albopictus_43_t.JPG</path>
	<source>
		<database>Unknown</database>
	</source>
	<size>
		<width>885</width>
		<height>620</height>
		<depth>1</depth>
	</size>
	<segmented>0</segmented>
	<object>
		<name>Aedes albopictus</name>
		<pose>Unspecified</pose>
		<truncated>0</truncated>
		<difficult>0</difficult>
		<bndbox>
			<xmin>201</xmin>
			<ymin>89</ymin>
			<xmax>783</xmax>
			<ymax>515</ymax>
		</bndbox>
	</object>
</annotation>
