<annotation>
	<folder>Albopictus</folder>
	<filename>albopictus_14_t.JPG</filename>
	<path>C:\Users\umc_1\Almacenamiento\ProyectoDetectarMosquitos\nuevas imagenes etiquetadas\Aedes_images\etiquetadas\Albopictus\albopictus_14_t.JPG</path>
	<source>
		<database>Unknown</database>
	</source>
	<size>
		<width>869</width>
		<height>581</height>
		<depth>3</depth>
	</size>
	<segmented>0</segmented>
	<object>
		<name>Aedes albopictus</name>
		<pose>Unspecified</pose>
		<truncated>0</truncated>
		<difficult>0</difficult>
		<bndbox>
			<xmin>379</xmin>
			<ymin>117</ymin>
			<xmax>798</xmax>
			<ymax>424</ymax>
		</bndbox>
	</object>
</annotation>
