<annotation>
	<folder>Albopictus</folder>
	<filename>albopictus_41_side.jpg</filename>
	<path>C:\Users\umc_1\Almacenamiento\ProyectoDetectarMosquitos\nuevas imagenes etiquetadas\Aedes_images\etiquetadas\Albopictus\albopictus_41_side.jpg</path>
	<source>
		<database>Unknown</database>
	</source>
	<size>
		<width>799</width>
		<height>533</height>
		<depth>3</depth>
	</size>
	<segmented>0</segmented>
	<object>
		<name>Aedes albopictus</name>
		<pose>Unspecified</pose>
		<truncated>0</truncated>
		<difficult>0</difficult>
		<bndbox>
			<xmin>40</xmin>
			<ymin>90</ymin>
			<xmax>265</xmax>
			<ymax>289</ymax>
		</bndbox>
	</object>
	<object>
		<name>Aedes albopictus</name>
		<pose>Unspecified</pose>
		<truncated>0</truncated>
		<difficult>0</difficult>
		<bndbox>
			<xmin>303</xmin>
			<ymin>65</ymin>
			<xmax>525</xmax>
			<ymax>259</ymax>
		</bndbox>
	</object>
	<object>
		<name>Aedes albopictus</name>
		<pose>Unspecified</pose>
		<truncated>0</truncated>
		<difficult>0</difficult>
		<bndbox>
			<xmin>537</xmin>
			<ymin>51</ymin>
			<xmax>790</xmax>
			<ymax>274</ymax>
		</bndbox>
	</object>
	<object>
		<name>Aedes albopictus</name>
		<pose>Unspecified</pose>
		<truncated>0</truncated>
		<difficult>0</difficult>
		<bndbox>
			<xmin>77</xmin>
			<ymin>322</ymin>
			<xmax>280</xmax>
			<ymax>516</ymax>
		</bndbox>
	</object>
	<object>
		<name>Aedes albopictus</name>
		<pose>Unspecified</pose>
		<truncated>0</truncated>
		<difficult>0</difficult>
		<bndbox>
			<xmin>352</xmin>
			<ymin>316</ymin>
			<xmax>547</xmax>
			<ymax>480</ymax>
		</bndbox>
	</object>
	<object>
		<name>Aedes albopictus</name>
		<pose>Unspecified</pose>
		<truncated>0</truncated>
		<difficult>0</difficult>
		<bndbox>
			<xmin>559</xmin>
			<ymin>312</ymin>
			<xmax>783</xmax>
			<ymax>502</ymax>
		</bndbox>
	</object>
</annotation>
