<annotation>
	<folder>Albopictus</folder>
	<filename>albopictus_6_t.JPG</filename>
	<path>C:\Users\umc_1\Almacenamiento\ProyectoDetectarMosquitos\nuevas imagenes etiquetadas\Aedes_images\etiquetadas\Albopictus\albopictus_6_t.JPG</path>
	<source>
		<database>Unknown</database>
	</source>
	<size>
		<width>516</width>
		<height>320</height>
		<depth>3</depth>
	</size>
	<segmented>0</segmented>
	<object>
		<name>Aedes albopictus</name>
		<pose>Unspecified</pose>
		<truncated>0</truncated>
		<difficult>0</difficult>
		<bndbox>
			<xmin>38</xmin>
			<ymin>28</ymin>
			<xmax>448</xmax>
			<ymax>303</ymax>
		</bndbox>
	</object>
</annotation>
