<annotation>
	<folder>Albopictus</folder>
	<filename>albopictus_17_t.JPG</filename>
	<path>C:\Users\umc_1\Almacenamiento\ProyectoDetectarMosquitos\nuevas imagenes etiquetadas\Aedes_images\etiquetadas\Albopictus\albopictus_17_t.JPG</path>
	<source>
		<database>Unknown</database>
	</source>
	<size>
		<width>562</width>
		<height>450</height>
		<depth>3</depth>
	</size>
	<segmented>0</segmented>
	<object>
		<name>Aedes albopictus</name>
		<pose>Unspecified</pose>
		<truncated>0</truncated>
		<difficult>0</difficult>
		<bndbox>
			<xmin>85</xmin>
			<ymin>146</ymin>
			<xmax>465</xmax>
			<ymax>358</ymax>
		</bndbox>
	</object>
	<object>
		<name>Aedes albopictus</name>
		<pose>Unspecified</pose>
		<truncated>0</truncated>
		<difficult>0</difficult>
		<bndbox>
			<xmin>310</xmin>
			<ymin>94</ymin>
			<xmax>548</xmax>
			<ymax>261</ymax>
		</bndbox>
	</object>
</annotation>
