<annotation>
	<folder>Albopictus</folder>
	<filename>albopictus_16_t.JPG</filename>
	<path>C:\Users\umc_1\Almacenamiento\ProyectoDetectarMosquitos\nuevas imagenes etiquetadas\Aedes_images\etiquetadas\Albopictus\albopictus_16_t.JPG</path>
	<source>
		<database>Unknown</database>
	</source>
	<size>
		<width>870</width>
		<height>380</height>
		<depth>3</depth>
	</size>
	<segmented>0</segmented>
	<object>
		<name>Aedes albopictus</name>
		<pose>Unspecified</pose>
		<truncated>0</truncated>
		<difficult>0</difficult>
		<bndbox>
			<xmin>206</xmin>
			<ymin>34</ymin>
			<xmax>784</xmax>
			<ymax>363</ymax>
		</bndbox>
	</object>
</annotation>
