<annotation>
	<folder>Albopictus</folder>
	<filename>albopictus_16_side.jpg</filename>
	<path>C:\Users\umc_1\Almacenamiento\ProyectoDetectarMosquitos\nuevas imagenes etiquetadas\Aedes_images\etiquetadas\Albopictus\albopictus_16_side.jpg</path>
	<source>
		<database>Unknown</database>
	</source>
	<size>
		<width>1267</width>
		<height>550</height>
		<depth>3</depth>
	</size>
	<segmented>0</segmented>
	<object>
		<name>Aedes albopictus</name>
		<pose>Unspecified</pose>
		<truncated>0</truncated>
		<difficult>0</difficult>
		<bndbox>
			<xmin>122</xmin>
			<ymin>48</ymin>
			<xmax>964</xmax>
			<ymax>526</ymax>
		</bndbox>
	</object>
</annotation>
