<annotation>
	<folder>Albopictus</folder>
	<filename>albopictus_34.JPG</filename>
	<path>C:\Users\umc_1\Almacenamiento\ProyectoDetectarMosquitos\nuevas imagenes etiquetadas\Aedes_images\etiquetadas\Albopictus\albopictus_34.JPG</path>
	<source>
		<database>Unknown</database>
	</source>
	<size>
		<width>818</width>
		<height>462</height>
		<depth>3</depth>
	</size>
	<segmented>0</segmented>
	<object>
		<name>Aedes albopictus</name>
		<pose>Unspecified</pose>
		<truncated>0</truncated>
		<difficult>0</difficult>
		<bndbox>
			<xmin>300</xmin>
			<ymin>185</ymin>
			<xmax>596</xmax>
			<ymax>372</ymax>
		</bndbox>
	</object>
</annotation>
