<annotation>
	<folder>Albopictus</folder>
	<filename>albopictus_33_v.JPG</filename>
	<path>C:\Users\umc_1\Almacenamiento\ProyectoDetectarMosquitos\nuevas imagenes etiquetadas\Aedes_images\etiquetadas\Albopictus\albopictus_33_v.JPG</path>
	<source>
		<database>Unknown</database>
	</source>
	<size>
		<width>389</width>
		<height>281</height>
		<depth>3</depth>
	</size>
	<segmented>0</segmented>
	<object>
		<name>Aedes albopictus</name>
		<pose>Unspecified</pose>
		<truncated>0</truncated>
		<difficult>0</difficult>
		<bndbox>
			<xmin>98</xmin>
			<ymin>61</ymin>
			<xmax>268</xmax>
			<ymax>229</ymax>
		</bndbox>
	</object>
</annotation>
