<annotation>
	<folder>Albopictus</folder>
	<filename>albopictus_16.jpg</filename>
	<path>C:\Users\umc_1\Almacenamiento\ProyectoDetectarMosquitos\nuevas imagenes etiquetadas\Aedes_images\etiquetadas\Albopictus\albopictus_16.jpg</path>
	<source>
		<database>Unknown</database>
	</source>
	<size>
		<width>1267</width>
		<height>550</height>
		<depth>3</depth>
	</size>
	<segmented>0</segmented>
	<object>
		<name>Aedes albopictus</name>
		<pose>Unspecified</pose>
		<truncated>0</truncated>
		<difficult>0</difficult>
		<bndbox>
			<xmin>305</xmin>
			<ymin>46</ymin>
			<xmax>1146</xmax>
			<ymax>528</ymax>
		</bndbox>
	</object>
</annotation>
