<annotation>
	<folder>Albopictus</folder>
	<filename>albopictus_48_v.JPG</filename>
	<path>C:\Users\umc_1\Almacenamiento\ProyectoDetectarMosquitos\nuevas imagenes etiquetadas\Aedes_images\etiquetadas\Albopictus\albopictus_48_v.JPG</path>
	<source>
		<database>Unknown</database>
	</source>
	<size>
		<width>590</width>
		<height>393</height>
		<depth>3</depth>
	</size>
	<segmented>0</segmented>
	<object>
		<name>Aedes albopictus</name>
		<pose>Unspecified</pose>
		<truncated>0</truncated>
		<difficult>0</difficult>
		<bndbox>
			<xmin>117</xmin>
			<ymin>89</ymin>
			<xmax>494</xmax>
			<ymax>327</ymax>
		</bndbox>
	</object>
</annotation>
