<annotation>
	<folder>Albopictus</folder>
	<filename>albopictus_54_v.JPG</filename>
	<path>C:\Users\umc_1\Almacenamiento\ProyectoDetectarMosquitos\nuevas imagenes etiquetadas\Aedes_images\etiquetadas\Albopictus\albopictus_54_v.JPG</path>
	<source>
		<database>Unknown</database>
	</source>
	<size>
		<width>706</width>
		<height>520</height>
		<depth>3</depth>
	</size>
	<segmented>0</segmented>
	<object>
		<name>Aedes albopictus</name>
		<pose>Unspecified</pose>
		<truncated>0</truncated>
		<difficult>0</difficult>
		<bndbox>
			<xmin>58</xmin>
			<ymin>30</ymin>
			<xmax>371</xmax>
			<ymax>343</ymax>
		</bndbox>
	</object>
	<object>
		<name>Aedes albopictus</name>
		<pose>Unspecified</pose>
		<truncated>0</truncated>
		<difficult>0</difficult>
		<bndbox>
			<xmin>348</xmin>
			<ymin>165</ymin>
			<xmax>634</xmax>
			<ymax>466</ymax>
		</bndbox>
	</object>
</annotation>
