<annotation>
	<folder>Albopictus</folder>
	<filename>albopictus_4_v.JPG</filename>
	<path>C:\Users\umc_1\Almacenamiento\ProyectoDetectarMosquitos\nuevas imagenes etiquetadas\Aedes_images\etiquetadas\Albopictus\albopictus_4_v.JPG</path>
	<source>
		<database>Unknown</database>
	</source>
	<size>
		<width>653</width>
		<height>837</height>
		<depth>3</depth>
	</size>
	<segmented>0</segmented>
	<object>
		<name>Aedes albopictus</name>
		<pose>Unspecified</pose>
		<truncated>0</truncated>
		<difficult>0</difficult>
		<bndbox>
			<xmin>61</xmin>
			<ymin>185</ymin>
			<xmax>457</xmax>
			<ymax>723</ymax>
		</bndbox>
	</object>
</annotation>
