<annotation>
	<folder>Albopictus</folder>
	<filename>albopictus_49.jpg</filename>
	<path>C:\Users\umc_1\Almacenamiento\ProyectoDetectarMosquitos\nuevas imagenes etiquetadas\Aedes_images\etiquetadas\Albopictus\albopictus_49.jpg</path>
	<source>
		<database>Unknown</database>
	</source>
	<size>
		<width>1024</width>
		<height>576</height>
		<depth>3</depth>
	</size>
	<segmented>0</segmented>
	<object>
		<name>Aedes albopictus</name>
		<pose>Unspecified</pose>
		<truncated>0</truncated>
		<difficult>0</difficult>
		<bndbox>
			<xmin>47</xmin>
			<ymin>44</ymin>
			<xmax>989</xmax>
			<ymax>565</ymax>
		</bndbox>
	</object>
</annotation>
