<annotation>
	<folder>Albopictus</folder>
	<filename>albopictus_58_side.jpg</filename>
	<path>C:\Users\umc_1\Almacenamiento\ProyectoDetectarMosquitos\nuevas imagenes etiquetadas\Aedes_images\etiquetadas\Albopictus\albopictus_58_side.jpg</path>
	<source>
		<database>Unknown</database>
	</source>
	<size>
		<width>958</width>
		<height>785</height>
		<depth>3</depth>
	</size>
	<segmented>0</segmented>
	<object>
		<name>Aedes albopictus</name>
		<pose>Unspecified</pose>
		<truncated>0</truncated>
		<difficult>0</difficult>
		<bndbox>
			<xmin>283</xmin>
			<ymin>203</ymin>
			<xmax>760</xmax>
			<ymax>651</ymax>
		</bndbox>
	</object>
</annotation>
