<annotation>
	<folder>Albopictus</folder>
	<filename>albopictus_37_t.JPG</filename>
	<path>C:\Users\umc_1\Almacenamiento\ProyectoDetectarMosquitos\nuevas imagenes etiquetadas\Aedes_images\etiquetadas\Albopictus\albopictus_37_t.JPG</path>
	<source>
		<database>Unknown</database>
	</source>
	<size>
		<width>591</width>
		<height>298</height>
		<depth>3</depth>
	</size>
	<segmented>0</segmented>
	<object>
		<name>Aedes albopictus</name>
		<pose>Unspecified</pose>
		<truncated>0</truncated>
		<difficult>0</difficult>
		<bndbox>
			<xmin>126</xmin>
			<ymin>12</ymin>
			<xmax>535</xmax>
			<ymax>287</ymax>
		</bndbox>
	</object>
</annotation>
