<annotation>
	<folder>Albopictus</folder>
	<filename>albopictus_43_v.JPG</filename>
	<path>C:\Users\umc_1\Almacenamiento\ProyectoDetectarMosquitos\nuevas imagenes etiquetadas\Aedes_images\etiquetadas\Albopictus\albopictus_43_v.JPG</path>
	<source>
		<database>Unknown</database>
	</source>
	<size>
		<width>884</width>
		<height>619</height>
		<depth>1</depth>
	</size>
	<segmented>0</segmented>
	<object>
		<name>Aedes albopictus</name>
		<pose>Unspecified</pose>
		<truncated>0</truncated>
		<difficult>0</difficult>
		<bndbox>
			<xmin>197</xmin>
			<ymin>98</ymin>
			<xmax>768</xmax>
			<ymax>508</ymax>
		</bndbox>
	</object>
</annotation>
