<annotation>
	<folder>Albopictus</folder>
	<filename>albopictus_54_side.jpg</filename>
	<path>C:\Users\umc_1\Almacenamiento\ProyectoDetectarMosquitos\nuevas imagenes etiquetadas\Aedes_images\etiquetadas\Albopictus\albopictus_54_side.jpg</path>
	<source>
		<database>Unknown</database>
	</source>
	<size>
		<width>1300</width>
		<height>953</height>
		<depth>3</depth>
	</size>
	<segmented>0</segmented>
	<object>
		<name>Aedes albopictus</name>
		<pose>Unspecified</pose>
		<truncated>0</truncated>
		<difficult>0</difficult>
		<bndbox>
			<xmin>113</xmin>
			<ymin>299</ymin>
			<xmax>712</xmax>
			<ymax>851</ymax>
		</bndbox>
	</object>
	<object>
		<name>Aedes albopictus</name>
		<pose>Unspecified</pose>
		<truncated>0</truncated>
		<difficult>0</difficult>
		<bndbox>
			<xmin>614</xmin>
			<ymin>49</ymin>
			<xmax>1193</xmax>
			<ymax>627</ymax>
		</bndbox>
	</object>
</annotation>
