<annotation>
	<folder>Albopictus</folder>
	<filename>albopictus_59_t.JPG</filename>
	<path>C:\Users\umc_1\Almacenamiento\ProyectoDetectarMosquitos\nuevas imagenes etiquetadas\Aedes_images\etiquetadas\Albopictus\albopictus_59_t.JPG</path>
	<source>
		<database>Unknown</database>
	</source>
	<size>
		<width>544</width>
		<height>411</height>
		<depth>3</depth>
	</size>
	<segmented>0</segmented>
	<object>
		<name>Aedes albopictus</name>
		<pose>Unspecified</pose>
		<truncated>0</truncated>
		<difficult>0</difficult>
		<bndbox>
			<xmin>65</xmin>
			<ymin>54</ymin>
			<xmax>465</xmax>
			<ymax>252</ymax>
		</bndbox>
	</object>
</annotation>
