<annotation>
	<folder>Albopictus</folder>
	<filename>albopictus_41_v.JPG</filename>
	<path>C:\Users\umc_1\Almacenamiento\ProyectoDetectarMosquitos\nuevas imagenes etiquetadas\Aedes_images\etiquetadas\Albopictus\albopictus_41_v.JPG</path>
	<source>
		<database>Unknown</database>
	</source>
	<size>
		<width>513</width>
		<height>345</height>
		<depth>3</depth>
	</size>
	<segmented>0</segmented>
	<object>
		<name>Aedes albopictus</name>
		<pose>Unspecified</pose>
		<truncated>0</truncated>
		<difficult>0</difficult>
		<bndbox>
			<xmin>26</xmin>
			<ymin>42</ymin>
			<xmax>167</xmax>
			<ymax>167</ymax>
		</bndbox>
	</object>
	<object>
		<name>Aedes albopictus</name>
		<pose>Unspecified</pose>
		<truncated>0</truncated>
		<difficult>0</difficult>
		<bndbox>
			<xmin>177</xmin>
			<ymin>55</ymin>
			<xmax>317</xmax>
			<ymax>168</ymax>
		</bndbox>
	</object>
	<object>
		<name>Aedes albopictus</name>
		<pose>Unspecified</pose>
		<truncated>0</truncated>
		<difficult>0</difficult>
		<bndbox>
			<xmin>348</xmin>
			<ymin>75</ymin>
			<xmax>483</xmax>
			<ymax>195</ymax>
		</bndbox>
	</object>
	<object>
		<name>Aedes albopictus</name>
		<pose>Unspecified</pose>
		<truncated>0</truncated>
		<difficult>0</difficult>
		<bndbox>
			<xmin>13</xmin>
			<ymin>225</ymin>
			<xmax>150</xmax>
			<ymax>315</ymax>
		</bndbox>
	</object>
	<object>
		<name>Aedes albopictus</name>
		<pose>Unspecified</pose>
		<truncated>0</truncated>
		<difficult>0</difficult>
		<bndbox>
			<xmin>167</xmin>
			<ymin>212</ymin>
			<xmax>285</xmax>
			<ymax>312</ymax>
		</bndbox>
	</object>
	<object>
		<name>Aedes albopictus</name>
		<pose>Unspecified</pose>
		<truncated>0</truncated>
		<difficult>0</difficult>
		<bndbox>
			<xmin>344</xmin>
			<ymin>216</ymin>
			<xmax>461</xmax>
			<ymax>326</ymax>
		</bndbox>
	</object>
</annotation>
