<annotation>
	<folder>Albopictus</folder>
	<filename>albopictus_42_t.JPG</filename>
	<path>C:\Users\umc_1\Almacenamiento\ProyectoDetectarMosquitos\nuevas imagenes etiquetadas\Aedes_images\etiquetadas\Albopictus\albopictus_42_t.JPG</path>
	<source>
		<database>Unknown</database>
	</source>
	<size>
		<width>527</width>
		<height>353</height>
		<depth>3</depth>
	</size>
	<segmented>0</segmented>
	<object>
		<name>Aedes albopictus</name>
		<pose>Unspecified</pose>
		<truncated>0</truncated>
		<difficult>0</difficult>
		<bndbox>
			<xmin>74</xmin>
			<ymin>64</ymin>
			<xmax>355</xmax>
			<ymax>297</ymax>
		</bndbox>
	</object>
</annotation>
