<annotation>
	<folder>Aegypti</folder>
	<filename>Aedes28_v.JPG</filename>
	<path>C:\Users\umc_1\Almacenamiento\ProyectoDetectarMosquitos\nuevas imagenes etiquetadas\Aedes_images\etiquetadas\Aegypti\Aedes28_v.JPG</path>
	<source>
		<database>Unknown</database>
	</source>
	<size>
		<width>257</width>
		<height>257</height>
		<depth>3</depth>
	</size>
	<segmented>0</segmented>
	<object>
		<name>Aedes aegypti</name>
		<pose>Unspecified</pose>
		<truncated>0</truncated>
		<difficult>0</difficult>
		<bndbox>
			<xmin>17</xmin>
			<ymin>5</ymin>
			<xmax>251</xmax>
			<ymax>253</ymax>
		</bndbox>
	</object>
</annotation>
