<annotation>
	<folder>Aegypti</folder>
	<filename>aegypti_27_v.JPG</filename>
	<path>C:\Users\umc_1\Almacenamiento\ProyectoDetectarMosquitos\nuevas imagenes etiquetadas\Aedes_images\etiquetadas\Aegypti\aegypti_27_v.JPG</path>
	<source>
		<database>Unknown</database>
	</source>
	<size>
		<width>456</width>
		<height>342</height>
		<depth>3</depth>
	</size>
	<segmented>0</segmented>
	<object>
		<name>Aedes aegypti</name>
		<pose>Unspecified</pose>
		<truncated>0</truncated>
		<difficult>0</difficult>
		<bndbox>
			<xmin>92</xmin>
			<ymin>69</ymin>
			<xmax>324</xmax>
			<ymax>290</ymax>
		</bndbox>
	</object>
</annotation>
