<annotation>
	<folder>Aegypti</folder>
	<filename>aegypti_54_side.jpg</filename>
	<path>C:\Users\umc_1\Almacenamiento\ProyectoDetectarMosquitos\nuevas imagenes etiquetadas\Aedes_images\etiquetadas\Aegypti\aegypti_54_side.jpg</path>
	<source>
		<database>Unknown</database>
	</source>
	<size>
		<width>1200</width>
		<height>628</height>
		<depth>3</depth>
	</size>
	<segmented>0</segmented>
	<object>
		<name>Aedes aegypti</name>
		<pose>Unspecified</pose>
		<truncated>0</truncated>
		<difficult>0</difficult>
		<bndbox>
			<xmin>26</xmin>
			<ymin>150</ymin>
			<xmax>989</xmax>
			<ymax>618</ymax>
		</bndbox>
	</object>
</annotation>
