<annotation>
	<folder>Aegypti</folder>
	<filename>aegypti_32_v.JPG</filename>
	<path>C:\Users\umc_1\Almacenamiento\ProyectoDetectarMosquitos\nuevas imagenes etiquetadas\Aedes_images\etiquetadas\Aegypti\aegypti_32_v.JPG</path>
	<source>
		<database>Unknown</database>
	</source>
	<size>
		<width>396</width>
		<height>297</height>
		<depth>3</depth>
	</size>
	<segmented>0</segmented>
	<object>
		<name>Aedes aegypti</name>
		<pose>Unspecified</pose>
		<truncated>0</truncated>
		<difficult>0</difficult>
		<bndbox>
			<xmin>14</xmin>
			<ymin>2</ymin>
			<xmax>367</xmax>
			<ymax>278</ymax>
		</bndbox>
	</object>
</annotation>
