<annotation>
	<folder>Aegypti</folder>
	<filename>aegypti_52_side.jpg</filename>
	<path>C:\Users\umc_1\Almacenamiento\ProyectoDetectarMosquitos\nuevas imagenes etiquetadas\Aedes_images\etiquetadas\Aegypti\aegypti_52_side.jpg</path>
	<source>
		<database>Unknown</database>
	</source>
	<size>
		<width>776</width>
		<height>363</height>
		<depth>3</depth>
	</size>
	<segmented>0</segmented>
	<object>
		<name>Aedes aegypti</name>
		<pose>Unspecified</pose>
		<truncated>0</truncated>
		<difficult>0</difficult>
		<bndbox>
			<xmin>223</xmin>
			<ymin>34</ymin>
			<xmax>644</xmax>
			<ymax>346</ymax>
		</bndbox>
	</object>
</annotation>
