<annotation>
	<folder>Aegypti</folder>
	<filename>aegypti_4.jpeg</filename>
	<path>C:\Users\umc_1\Almacenamiento\ProyectoDetectarMosquitos\nuevas imagenes etiquetadas\Aedes_images\etiquetadas\Aegypti\aegypti_4.jpeg</path>
	<source>
		<database>Unknown</database>
	</source>
	<size>
		<width>913</width>
		<height>682</height>
		<depth>3</depth>
	</size>
	<segmented>0</segmented>
	<object>
		<name>Aedes aegypti</name>
		<pose>Unspecified</pose>
		<truncated>0</truncated>
		<difficult>0</difficult>
		<bndbox>
			<xmin>148</xmin>
			<ymin>145</ymin>
			<xmax>818</xmax>
			<ymax>585</ymax>
		</bndbox>
	</object>
</annotation>
