<annotation>
	<folder>Aegypti</folder>
	<filename>aegypti_3_t.JPG</filename>
	<path>C:\Users\umc_1\Almacenamiento\ProyectoDetectarMosquitos\nuevas imagenes etiquetadas\Aedes_images\etiquetadas\Aegypti\aegypti_3_t.JPG</path>
	<source>
		<database>Unknown</database>
	</source>
	<size>
		<width>590</width>
		<height>330</height>
		<depth>3</depth>
	</size>
	<segmented>0</segmented>
	<object>
		<name>Aedes aegypti</name>
		<pose>Unspecified</pose>
		<truncated>0</truncated>
		<difficult>0</difficult>
		<bndbox>
			<xmin>83</xmin>
			<ymin>9</ymin>
			<xmax>537</xmax>
			<ymax>309</ymax>
		</bndbox>
	</object>
</annotation>
