<annotation>
	<folder>Aegypti</folder>
	<filename>aegypti_20.jpg</filename>
	<path>C:\Users\umc_1\Almacenamiento\ProyectoDetectarMosquitos\nuevas imagenes etiquetadas\Aedes_images\etiquetadas\Aegypti\aegypti_20.jpg</path>
	<source>
		<database>Unknown</database>
	</source>
	<size>
		<width>380</width>
		<height>570</height>
		<depth>3</depth>
	</size>
	<segmented>0</segmented>
	<object>
		<name>Aedes aegypti</name>
		<pose>Unspecified</pose>
		<truncated>1</truncated>
		<difficult>0</difficult>
		<bndbox>
			<xmin>4</xmin>
			<ymin>3</ymin>
			<xmax>380</xmax>
			<ymax>518</ymax>
		</bndbox>
	</object>
</annotation>
