<annotation>
	<folder>Aegypti</folder>
	<filename>aegypti_11_v.JPG</filename>
	<path>C:\Users\umc_1\Almacenamiento\ProyectoDetectarMosquitos\nuevas imagenes etiquetadas\Aedes_images\etiquetadas\Aegypti\aegypti_11_v.JPG</path>
	<source>
		<database>Unknown</database>
	</source>
	<size>
		<width>530</width>
		<height>307</height>
		<depth>3</depth>
	</size>
	<segmented>0</segmented>
	<object>
		<name>Aedes aegypti</name>
		<pose>Unspecified</pose>
		<truncated>0</truncated>
		<difficult>0</difficult>
		<bndbox>
			<xmin>5</xmin>
			<ymin>3</ymin>
			<xmax>338</xmax>
			<ymax>293</ymax>
		</bndbox>
	</object>
</annotation>
