<annotation>
	<folder>Aegypti</folder>
	<filename>aegypti_16_v.JPG</filename>
	<path>C:\Users\umc_1\Almacenamiento\ProyectoDetectarMosquitos\nuevas imagenes etiquetadas\Aedes_images\etiquetadas\Aegypti\aegypti_16_v.JPG</path>
	<source>
		<database>Unknown</database>
	</source>
	<size>
		<width>585</width>
		<height>435</height>
		<depth>3</depth>
	</size>
	<segmented>0</segmented>
	<object>
		<name>Aedes aegypti</name>
		<pose>Unspecified</pose>
		<truncated>0</truncated>
		<difficult>0</difficult>
		<bndbox>
			<xmin>24</xmin>
			<ymin>13</ymin>
			<xmax>568</xmax>
			<ymax>421</ymax>
		</bndbox>
	</object>
</annotation>
